<?xml version="1.0" encoding="utf-8" ?>
<dwsync>
<file name="arrow-left-light.png" server="www.meecreative.com" local="130476277200000000" remote="130476277200000000" />
<file name="arrow-right-light.png" server="www.meecreative.com" local="130476277200000000" remote="130476277200000000" />
<file name="arrow-left-dark.png" server="www.meecreative.com" local="130476277200000000" remote="130476277200000000" />
<file name="arrow-right-dark.png" server="www.meecreative.com" local="130476277200000000" remote="130476277200000000" />
<file name="arrows.png" server="www.meecreative.com" local="130476277200000000" remote="130476277200000000" />
<file name="arrow-left-light.png" server="dessign.net/httpdocs/" local="130476277200000000" remote="131338955400000000" />
<file name="arrow-right-light.png" server="dessign.net/httpdocs/" local="130476277200000000" remote="131338955400000000" />
<file name="arrow-left-dark.png" server="dessign.net/httpdocs/" local="130476277200000000" remote="131338955400000000" />
<file name="arrow-right-dark.png" server="dessign.net/httpdocs/" local="130476277200000000" remote="131338955400000000" />
<file name="arrows.png" server="dessign.net/httpdocs/" local="130481271000000000" remote="131338956000000000" />
</dwsync>